task,rf_auc,xgb_auc
healthy_vs_adenoma,0.6811764039855072,0.7090692934782609
adenoma_vs_crc,0.7865886287625418,0.8088304449174014
