task,rf_auc,xgb_auc
healthy_vs_adenoma,0.708095561594203,0.725486865942029
adenoma_vs_crc,0.7925630890848281,0.8152057362926929
