cohort,species_auc,species_cov_auc,difference
FengQ_2015,0.837847469707769,0.8385602280826799,0.0007127583749109156
ThomasAM_2018a,0.7341954022988505,0.7543103448275862,0.02011494252873569
ThomasAM_2018b,0.8013392857142857,0.8080357142857143,0.006696428571428603
ThomasAM_2019_c,0.828125,0.814375,-0.01375000000000004
VogtmannE_2016,0.7303994082840236,0.7381656804733727,0.0077662721893491105
YuJ_2015,0.8676176176176177,0.8746246246246246,0.00700700700700696
ZellerG_2014,0.8209093721002165,0.822455923291061,0.0015465511908444585
