cohort,auc,n_samples,n_crc,n_control
YuJ_2015,0.8656156156156157,128,74,54
ZellerG_2014,0.7974017939993814,114,53,61
COMBINED,0.832523108524478,242,127,115
