cohort,rf_auc,xgb_auc
FengQ_2015,0.789736279401283,0.8517462580185318
ThomasAM_2018a,0.7887931034482759,0.735632183908046
ThomasAM_2018b,0.7142857142857143,0.7589285714285714
ThomasAM_2019_c,0.8237500000000001,0.815
VogtmannE_2016,0.7156065088757396,0.7067307692307693
YuJ_2015,0.7985485485485484,0.8075575575575576
ZellerG_2014,0.8233838540055677,0.8051345499536033
